{"ALA": 2.6181234627962113, "ARG": 9.38393967151642, "ASN": 4.127220869064331, "ASP": 2.2680670619010925, "CYS": 1.5268856406211853, "GLU": 3.2348019242286683, "GLN": 4.391854786872864, "GLY": 3.107743811607361, "HIS": 6.256614905595779, "ILE": 1.8910729169845581, "LEU": 2.2871710062026978, "LYS": 6.454118061065674, "MET": 4.185290443897248, "PHE": 4.730296635627747, "PRO": 2.5729376792907717, "SER": 3.2831996917724613, "THR": 4.964252680540086, "TRP": 3.7319382667541503, "TYR": 5.70321249961853, "VAL": 2.2536349415779116}