{
  "ALA":{
    "C":2.849852500000001,
    "CA":0.2993316000000001,
    "CB":3.558396400000005,
    "H":0.0,
    "H1":0.0,
    "H2":0.0,
    "H3":0.0,
    "HA":8.602190599999993,
    "HB1":11.940465799999998,
    "HB2":12.44272220000002,
    "HB3":12.186333500000005,
    "N":6.301887399999993,
    "O":16.492538499999974,
    "OXT":19.75894744231314,
    "mc":25.644278399999944,
    "sc":49.02944009999997,
    "total":74.6737185000001
  },
  "ARG":{
    "C":2.4384894999999984,
    "CA":0.21734029999999982,
    "CB":0.3479038000000002,
    "CD":2.4260002999999997,
    "CG":0.43727200000000055,
    "CZ":5.859075999999999,
    "H":0.0,
    "H1":0.0,
    "H2":0.0,
    "H3":0.0,
    "HA":7.904530300000002,
    "HB2":10.19728760000001,
    "HB3":9.812439100000004,
    "HD2":8.676074499999997,
    "HD3":8.720144599999998,
    "HE":0.0,
    "HG2":8.090347600000007,
    "HG3":10.492129199999999,
    "HH11":0.0,
    "HH12":0.0,
    "HH21":0.0,
    "HH22":0.0,
    "N":4.058126399999997,
    "NE":11.137113799999996,
    "NH1":23.54777640000001,
    "NH2":26.40665229999997,
    "O":16.27633269999999,
    "OXT":19.75894744231314,
    "mc":22.77294860000005,
    "sc":134.27208780000075,
    "total":157.0450364000008
  },
  "ASN":{
    "C":1.933643650793649,
    "CA":0.17540507936507935,
    "CB":0.7873798412698408,
    "CG":4.313783650793652,
    "H":0.0,
    "H1":0.0,
    "H2":0.0,
    "H3":0.0,
    "HA":7.023416349206351,
    "HB2":11.068349206349206,
    "HB3":11.064439523809515,
    "HD21":0.0,
    "HD22":0.0,
    "N":5.604176031746032,
    "ND2":25.17181079365082,
    "O":16.02205412698414,
    "OD1":18.404936825396817,
    "OXT":19.75894744231314,
    "mc":23.559873809523808,
    "sc":78.00952126984134,
    "total":101.56939507936525
  },
  "ASP":{
    "C":2.3547362028301877,
    "CA":0.24881261792452827,
    "CB":0.8583669811320754,
    "CG":5.596010023584898,
    "H":0.0,
    "H1":0.0,
    "H2":0.0,
    "H3":0.0,
    "HA":6.947066981132073,
    "HB2":11.394848820754712,
    "HB3":10.953216745283006,
    "N":5.559004127358491,
    "O":15.79630849056603,
    "OD1":18.853322405660368,
    "OD2":19.749699056603767,
    "OXT":19.75894744231314,
    "mc":23.710048820754743,
    "sc":74.60134363207543,
    "total":98.31139245283036
  },
  "CYS":{
    "C":2.6352580246913586,
    "CA":0.15822561728395065,
    "CB":3.0243182098765433,
    "H":0.0,
    "H1":0.0,
    "H2":0.0,
    "H3":0.0,
    "HA":7.885033024691356,
    "HB2":9.35744475308642,
    "HB3":9.68931327160493,
    "HG":0.0,
    "N":5.314024382716052,
    "O":16.468431481481478,
    "OXT":19.75894744231314,
    "SG":34.106124074074074,
    "mc":24.417713888888887,
    "sc":64.22045895061727,
    "total":88.63817283950587
  },
  "GLN":{
    "C":2.0900556000000012,
    "CA":0.19186790000000006,
    "CB":0.25256080000000003,
    "CD":5.247923099999996,
    "CG":0.8029549000000014,
    "H":0.0,
    "H1":0.0,
    "H2":0.0,
    "H3":0.0,
    "HA":7.083265800000002,
    "HB2":10.532753400000004,
    "HB3":10.702652399999998,
    "HE21":0.0,
    "HE22":0.0,
    "HG2":10.180464399999991,
    "HG3":10.273536600000002,
    "N":4.859994300000004,
    "NE2":25.50166849999997,
    "O":16.123701500000003,
    "OE1":18.69041499999999,
    "OXT":19.75894744231314,
    "mc":23.073751399999953,
    "sc":99.46006279999989,
    "total":122.5338141999999
  },
  "GLU":{
    "C":1.7935378000000002,
    "CA":0.13311639999999988,
    "CB":0.30194920000000003,
    "CD":6.3821216000000005,
    "CG":0.9746404000000006,
    "H":0.0,
    "H1":0.0,
    "H2":0.0,
    "H3":0.0,
    "HA":6.532096800000007,
    "HB2":10.518344199999985,
    "HB3":10.873283100000005,
    "HG2":10.76618799999999,
    "HG3":10.281425100000009,
    "N":4.364940899999999,
    "O":16.191033799999996,
    "OE1":18.726640800000013,
    "OE2":19.558499799999993,
    "OXT":19.75894744231314,
    "mc":22.349512499999964,
    "sc":95.04830539999998,
    "total":117.39781789999957
  },
  "GLY":{
    "C":5.087061600000001,
    "CA":3.4305207000000006,
    "H":0.0,
    "H1":0.0,
    "H2":0.0,
    "H3":0.0,
    "HA2":9.234217000000005,
    "HA3":9.962832000000015,
    "N":9.693950499999993,
    "O":17.13277139999998,
    "OXT":19.75894744231314,
    "mc":31.913783499999983,
    "sc":22.6275697,
    "total":54.541353200000145
  },
  "HIS":{
    "C":1.6519935550935563,
    "CA":0.2517845114345117,
    "CB":0.9100360706860706,
    "CD2":8.733646049896045,
    "CE1":13.849155821205814,
    "CG":2.686842515592518,
    "H":0.0,
    "H1":0.0,
    "H2":0.0,
    "H3":0.0,
    "HA":7.347614656964652,
    "HB2":11.393507484407484,
    "HB3":10.83708814968814,
    "HD1":0.0,
    "HD2":9.482577754677749,
    "HE1":8.526109667359677,
    "HE2":0.0,
    "N":5.894128170478175,
    "ND1":13.165618711018702,
    "NE2":15.989556444906459,
    "O":15.01316642411644,
    "OXT":19.75894744231314,
    "mc":22.559288149688165,
    "sc":103.17353783783804,
    "total":125.7328259875259
  },
  "ILE":{
    "C":1.9068964000000015,
    "CA":0.08061940000000005,
    "CB":0.0,
    "CD1":3.6882266000000024,
    "CG1":0.49024419999999985,
    "CG2":3.004647799999998,
    "H":0.0,
    "H1":0.0,
    "H2":0.0,
    "H3":0.0,
    "HA":6.5226517,
    "HB":8.750838499999992,
    "HD11":11.875783200000022,
    "HD12":11.41975349999997,
    "HD13":10.435200299999995,
    "HG12":8.347049700000007,
    "HG13":9.741503299999987,
    "HG21":9.743778899999993,
    "HG22":9.457748599999999,
    "HG23":9.8328948,
    "N":2.7262930000000023,
    "O":15.55231750000001,
    "OXT":19.75894744231314,
    "mc":20.185506900000032,
    "sc":103.3909404999998,
    "total":123.57644740000022
  },
  "LEU":{
    "C":2.1029948000000003,
    "CA":0.13003260000000003,
    "CB":0.0621202,
    "CD1":3.265839000000003,
    "CD2":3.265320299999996,
    "CG":0.0003366,
    "H":0.0,
    "H1":0.0,
    "H2":0.0,
    "H3":0.0,
    "HA":5.142676000000006,
    "HB2":9.41282349999999,
    "HB3":9.462938200000004,
    "HD11":10.956077800000006,
    "HD12":10.767960800000008,
    "HD13":10.682510599999985,
    "HD21":11.051249000000006,
    "HD22":10.872665699999999,
    "HD23":10.815422099999997,
    "HG":8.821374000000016,
    "N":4.681502200000002,
    "O":16.180881500000005,
    "OXT":19.75894744231314,
    "mc":22.96537849999996,
    "sc":104.70934639999982,
    "total":127.67472489999953
  },
  "LYS":{
    "C":2.1136445999999984,
    "CA":0.1746049,
    "CB":0.1954505999999998,
    "CD":0.6291431000000004,
    "CE":11.178986500000006,
    "CG":0.3951948999999996,
    "H":0.0,
    "H1":0.0,
    "H2":0.0,
    "H3":0.0,
    "HA":7.103976399999996,
    "HB2":10.126457299999995,
    "HB3":10.056806000000002,
    "HD2":11.179392400000005,
    "HD3":11.003215600000022,
    "HE2":3.3152775999999995,
    "HE3":3.4726212,
    "HG2":9.886735400000005,
    "HG3":9.74219230000002,
    "HZ1":0.0,
    "HZ2":0.0,
    "HZ3":0.0,
    "N":5.065370100000002,
    "NZ":26.3559661,
    "O":16.111144,
    "OXT":19.75894744231314,
    "mc":23.29015869999996,
    "sc":114.81602030000012,
    "total":138.1061790000001
  },
  "MET":{
    "C":2.296776199999999,
    "CA":0.19906409999999997,
    "CB":0.39863919999999975,
    "CE":9.1901066,
    "CG":2.3597919999999992,
    "H":0.0,
    "H1":0.0,
    "H2":0.0,
    "H3":0.0,
    "HA":6.7722106000000135,
    "HB2":10.192279199999977,
    "HB3":10.346124200000007,
    "HE1":9.2943501,
    "HE2":8.784722900000002,
    "HE3":8.992676200000005,
    "HG2":7.7251048,
    "HG3":8.001906300000005,
    "N":5.1976192999999995,
    "O":16.250317299999978,
    "OXT":19.75894744231314,
    "SD":22.79976269999999,
    "mc":23.74471280000004,
    "sc":105.05673890000038,
    "total":128.80145170000026
  },
  "PHE":{
    "C":2.2691631756756747,
    "CA":0.27483716216216203,
    "CB":1.0179638513513507,
    "CD1":5.807553716216214,
    "CD2":6.20324375,
    "CE1":7.735126351351356,
    "CE2":9.209266891891884,
    "CG":2.5680763513513525,
    "CZ":8.841966216216216,
    "H":0.0,
    "H1":0.0,
    "H2":0.0,
    "H3":0.0,