{
  "ALA":{
    "C":4.818820359281439,
    "CA":6.408465069860274,
    "CB":29.274320758483054,
    "N":8.872449500998,
    "O":18.394469461077854,
    "OXT":20.51978384231536,
    "mc":32.08573932135731,
    "sc":35.682785828343334,
    "total":67.76852514970057
  },
  "ARG":{
    "C":3.8367526946107775,
    "CA":6.121546506986033,
    "CB":14.60515349301398,
    "CD":17.137814770459084,
    "CG":13.747718163672655,
    "CZ":5.868504790419162,
    "N":6.856797205588824,
    "NE":12.363906786427142,
    "NH1":24.777390219560903,
    "NH2":26.44663912175645,
    "O":18.652458483033932,
    "OXT":20.51978384231536,
    "mc":29.34600838323354,
    "sc":121.0686738522955,
    "total":150.41468223552877
  },
  "ASN":{
    "C":3.4056820359281454,
    "CA":4.85503233532934,
    "CB":15.550211976047892,
    "CG":4.231605189620761,
    "N":8.851586626746508,
    "ND2":26.071127544910194,
    "O":17.002027744510976,
    "OD1":19.19082874251496,
    "OXT":20.51978384231536,
    "mc":29.259296407185627,
    "sc":69.89880578842315,
    "total":99.15810219560888
  },
  "ASP":{
    "C":3.775579640718562,
    "CA":4.793493812375249,
    "CB":15.78708203592813,
    "CG":5.083835728542912,
    "N":8.712571257485028,
    "O":17.07152874251498,
    "OD1":20.442345908183643,
    "OD2":20.25871556886228,
    "OXT":20.51978384231536,
    "mc":29.55967964071859,
    "sc":66.36547305389216,
    "total":95.9251526946107
  },
  "CYS":{
    "C":4.42821736526946,
    "CA":5.624335528942114,
    "CB":17.347569860279446,
    "N":7.694640119760475,
    "O":18.426971856287427,
    "OXT":20.51978384231536,
    "SG":34.06933253493013,
    "mc":30.549829341317377,
    "sc":57.04123792415172,
    "total":87.5910672654692
  },
  "GLN":{
    "C":4.133079041916168,
    "CA":5.586169860279438,
    "CB":14.953023353293405,
    "CD":6.1318497005988055,
    "CG":15.498376247504977,
    "N":7.967130139720555,
    "NE2":26.603499800399188,
    "O":18.54686706586827,
    "OE1":19.735549101796412,
    "OXT":20.51978384231536,
    "mc":30.647076247505023,
    "sc":88.50846806387209,
    "total":119.15554431137691
  },
  "GLU":{
    "C":3.8056215568862304,
    "CA":4.075564670658682,
    "CB":15.387281237524935,
    "CD":6.400903193612776,
    "CG":16.428046706586834,
    "N":7.144658682634729,
    "O":19.253390818363272,
    "OE1":19.967393413173646,
    "OE2":20.007920958083847,
    "OXT":20.51978384231536,
    "mc":30.203671057884254,
    "sc":82.2671101796409,
    "total":112.47078123752499
  },
  "GLY":{
    "C":6.831959081836321,
    "CA":17.46420439121755,
    "N":11.395443912175654,
    "O":17.976003992015976,
    "OXT":20.51978384231536,
    "mc":36.203406986027915,
    "sc":17.46420439121755,
    "total":53.66761137724554
  },
  "HIS":{
    "C":3.693832934131736,
    "CA":4.899788023952093,
    "CB":15.176314371257495,
    "CD2":16.90922874251498,
    "CE1":20.295289820359255,
    "CG":2.9604946107784436,
    "N":8.831904191616772,
    "ND1":14.477254091816388,
    "NE2":16.047461676646698,
    "O":16.996992814371257,
    "OXT":20.51978384231536,
    "mc":29.522729940119753,
    "sc":90.76583133732535,
    "total":120.28856127744486
  },
  "ILE":{
    "C":3.8571451097804412,
    "CA":5.164890419161674,
    "CB":5.6023650698602765,
    "CD1":30.101951896207584,
    "CG1":13.953225349301396,
    "CG2":25.972039520958074,
    "N":5.04571996007984,
    "O":18.568225948103798,
    "OXT":20.51978384231536,
    "mc":27.471091017963992,
    "sc":80.79447225548908,
    "total":108.26556327345321
  },
  "LEU":{
    "C":3.8132375249500954,
    "CA":4.2031493013972065,
    "CB":13.917314371257484,
    "CD1":28.566086227544897,
    "CD2":28.619480439121748,
    "CG":6.178518762475047,
    "N":8.154198203592816,
    "O":18.468473253493023,
    "OXT":20.51978384231536,
    "mc":30.435908982035905,
    "sc":81.48454910179629,
    "total":111.92045808383197
  },
  "LYS":{
    "C":4.059376846307384,
    "CA":5.591679241516968,
    "CB":14.689059081836342,
    "CD":17.421086626746504,
    "CE":18.590767465069863,
    "CG":14.97085548902195,
    "N":8.098490818363278,
    "NZ":27.068219161676627,
    "O":18.505610978043904,
    "OXT":20.51978384231536,
    "mc":30.663478642714583,
    "sc":98.33166706586825,
    "total":128.9951457085824
  },
  "MET":{
    "C":3.6836493013972045,
    "CA":4.696097804391221,
    "CB":14.959588822355288,
    "CE":30.62274530938124,
    "CG":15.479992614770461,
    "N":8.411791017964068,
    "O":18.11891856287423,
    "OXT":20.51978384231536,
    "SD":23.158424750498945,
    "mc":30.21435888223555,
    "sc":88.916849301397,
    "total":119.1312081836326
  },
  "PHE":{
    "C":3.6861758483033933,
    "CA":5.802570858283435,
    "CB":15.063878842315376,
    "CD1":12.735600199600805,
    "CD2":14.228335129740525,
    "CE1":16.898037524950098,
    "CE2":18.381730938123752,
    "CG":2.5664584830339314,
    "CZ":17.9706235528942,
    "N":5.988735528942112,
    "O":18.04928642714571,
    "OXT":20.51978384231536,
    "mc":27.724197804391217,
    "sc":103.647235528942,
    "total":131.37143333333324
  },
  "PRO":{
    "C":2.422440918163672,
    "CA":7.080143912175648,
    "CB":18.67361536926147,
    "CD":17.786373253493018,
    "CG":19.784742714570847,
    "N":1.4341391217564865,
    "O":19.372461876247524,
    "OXT":20.51978384231536,
    "mc":23.22904191616769,
    "sc":63.324875249500984,
    "total":86.55391716566884
  },
  "SER":{
    "C":3.912328742514974,
    "CA":6.394707584830342,
    "CB":18.161453093812383,
    "N":7.262466067864271,
    "O":18.610479840319346,
    "OG":21.99045349301395,
    "OXT":20.51978384231536,
    "mc":29.785274650698565,
    "sc":46.54661417165669,
    "total":76.33188882235555
  },
  "THR":{
    "C":3.8227079840319336,
    "CA":5.717997205588819,
    "CB":7.460233732534932,
    "CG2":27.824124550898194,
    "N":6.21093033932136,
    "O":18.595555888223554,
    "OG1":20.640265868263473,
    "OXT":20.51978384231536,
    "mc":28.629194211576888,
    "sc":61.64262135728553,
    "total":90.27181556886246
  },
  "TRP":{
    "C":3.622681437125749,
    "CA":6.211655289421156,
    "CB":14.968006586826327,
    "CD1":12.771055688622752,
    "CD2":4.277862075848303,
    "CE2":6.179353493013978,
    "CE3":13.817633133732539,
    "CG":2.6275137724550905,
    "CH2":17.879618962075853,
    "CZ2":18.14702914171659,
    "CZ3":18.159014570858286,
    "N":4.900289620758479,
    "NE1":16.143808582834314,
    "O":18.152623952095812,
    "OXT":20.51978384231536,
    "mc":26.675595009980075,
    "sc":131.1825512974052,
    "total":157.858146307385
  },
  "TYR":{
    "C":3.0685421157684645,
    "CA":5.002945309381238,
    "CB":14.614884630738533,
    "CD1":15.610419161676653,
    "CD2":12.205488023952096,
    "CE1":17.66932554890218,
    "CE2":18.06687265469061,
    "CG":2.538004990019958,
    "CZ":6.540683033932142,
    "N":8.987055289421164,
    "O":17.583228143712585,
    "OH":22.792846107784428,
    "OXT":20.51978384231536,
    "mc":29.638825548902204,
    "sc":115.04146946107792,
    "total":144.68029500998023
  },
  "VAL":{
    "C":3.589906586826346,
    "CA":5.403040119760475,
    "CB":6.497551497005992,
    "CG1":27.22573413173652,
    "CG2":27.216397405189607,
    "N":5.967983233532939,
    "O":18.703041317365248,
    "OXT":20.51978384231536,
    "mc":28.260931137724565,
    "sc":66.34272315369256,
    "total":94.60365429141712
  }
}